{
  "lens-eval-association": {
    "real": {
      "MRR": 0.00226489523917951,
      "top10": 0.0,
      "n": 102
    },
    "shuffled": {
      "MRR": 0.005801355112269795,
      "top10": 0.0196078431372549,
      "n": 102
    },
    "causal": {
      "n": 0
    }
  },
  "lens-eval-multihop": {
    "real": {
      "MRR": 0.42619871596486886,
      "top10": 0.5892857142857143,
      "n": 84
    },
    "shuffled": {
      "MRR": 0.45798443549661494,
      "top10": 0.6309523809523809,
      "n": 84
    },
    "causal": {
      "n": 52,
      "mean_delta_lp": -6.353019424460399,
      "frac_ablation_hurts": 0.8461538461538461
    }
  },
  "lens-eval-multilingual": {
    "real": {
      "MRR": 0.24760674619088435,
      "top10": 0.3574766355140187,
      "n": 107
    },
    "shuffled": {
      "MRR": 0.32147306842288864,
      "top10": 0.42757009345794394,
      "n": 107
    },
    "causal": {
      "n": 35,
      "mean_delta_lp": -3.6898058369755744,
      "frac_ablation_hurts": 0.7428571428571429
    }
  },
  "lens-eval-order-ops": {
    "real": {
      "MRR": 0.2379823496621708,
      "top10": 0.38181818181818183,
      "n": 55
    },
    "shuffled": {
      "MRR": 0.46032907402423234,
      "top10": 0.7181818181818181,
      "n": 55
    },
    "causal": {
      "n": 32,
      "mean_delta_lp": -0.24169066626745916,
      "frac_ablation_hurts": 0.5
    }
  },
  "lens-eval-poetry": {
    "real": {
      "MRR": 0.6372081248223832,
      "top10": 0.8061224489795918,
      "n": 98
    },
    "shuffled": {
      "MRR": 0.7178830848591797,
      "top10": 0.8673469387755102,
      "n": 98
    },
    "causal": {
      "n": 0
    }
  },
  "lens-eval-typo": {
    "real": {
      "MRR": 0.19384272158965102,
      "top10": 0.4583333333333333,
      "n": 96
    },
    "shuffled": {
      "MRR": 0.7541683687363835,
      "top10": 0.9895833333333334,
      "n": 96
    },
    "causal": {
      "n": 0
    }
  }
}