{
  "lens-eval-association": {
    "n": 102,
    "MRR": 0.00226489523917951,
    "top1": 0.0,
    "top10": 0.0
  },
  "lens-eval-multihop": {
    "n": 84,
    "MRR": 0.42619871596486886,
    "top1": 0.35119047619047616,
    "top10": 0.5892857142857143
  },
  "lens-eval-multilingual": {
    "n": 107,
    "MRR": 0.24760674619088435,
    "top1": 0.1939252336448598,
    "top10": 0.3574766355140187
  },
  "lens-eval-order-ops": {
    "n": 55,
    "MRR": 0.2379823496621708,
    "top1": 0.17272727272727273,
    "top10": 0.38181818181818183
  },
  "lens-eval-poetry": {
    "n": 98,
    "MRR": 0.6372081248223832,
    "top1": 0.5408163265306123,
    "top10": 0.8061224489795918
  },
  "lens-eval-typo": {
    "n": 96,
    "MRR": 0.19384272158965102,
    "top1": 0.08333333333333333,
    "top10": 0.4583333333333333
  }
}