{
  "lens-eval-association": {
    "n": 102,
    "MRR": 0.005801355112269795,
    "top1": 0.0,
    "top10": 0.0196078431372549
  },
  "lens-eval-multihop": {
    "n": 84,
    "MRR": 0.45798443549661494,
    "top1": 0.375,
    "top10": 0.6309523809523809
  },
  "lens-eval-multilingual": {
    "n": 107,
    "MRR": 0.32147306842288864,
    "top1": 0.26401869158878505,
    "top10": 0.42757009345794394
  },
  "lens-eval-order-ops": {
    "n": 55,
    "MRR": 0.46032907402423234,
    "top1": 0.36363636363636365,
    "top10": 0.7181818181818181
  },
  "lens-eval-poetry": {
    "n": 98,
    "MRR": 0.7178830848591797,
    "top1": 0.6632653061224489,
    "top10": 0.8673469387755102
  },
  "lens-eval-typo": {
    "n": 96,
    "MRR": 0.7541683687363835,
    "top1": 0.625,
    "top10": 0.9895833333333334
  }
}