{
  "lens-eval-association": {
    "real": {
      "MRR": 0.005558010139340893,
      "top10": 0.010101010101010102,
      "n": 99
    },
    "shuffled": {
      "MRR": 0.014620515585730604,
      "top10": 0.030303030303030304,
      "n": 99
    },
    "causal": {
      "n": 0
    }
  },
  "lens-eval-multihop": {
    "real": {
      "MRR": 0.24317936929690026,
      "top10": 0.4226190476190476,
      "n": 84
    },
    "shuffled": {
      "MRR": 0.2850064086510662,
      "top10": 0.5119047619047619,
      "n": 84
    },
    "causal": {
      "n": 52,
      "mean_delta_lp": 0.015069441547474036,
      "frac_ablation_hurts": 0.4230769230769231
    }
  },
  "lens-eval-multilingual": {
    "real": {
      "MRR": 0.26087533602562923,
      "top10": 0.4010903426791277,
      "n": 107
    },
    "shuffled": {
      "MRR": 0.2781220861011579,
      "top10": 0.4088785046728972,
      "n": 107
    },
    "causal": {
      "n": 16,
      "mean_delta_lp": 0.04903905210085213,
      "frac_ablation_hurts": 0.25
    }
  },
  "lens-eval-order-ops": {
    "real": {
      "MRR": 0.06550540127262645,
      "top10": 0.14545454545454545,
      "n": 55
    },
    "shuffled": {
      "MRR": 0.07426931943160246,
      "top10": 0.15454545454545454,
      "n": 55
    },
    "causal": {
      "n": 32,
      "mean_delta_lp": 0.06752257910557091,
      "frac_ablation_hurts": 0.28125
    }
  },
  "lens-eval-poetry": {
    "real": {
      "MRR": 0.3316046472575259,
      "top10": 0.5510204081632653,
      "n": 98
    },
    "shuffled": {
      "MRR": 0.3371955696013825,
      "top10": 0.5918367346938775,
      "n": 98
    },
    "causal": {
      "n": 0
    }
  },
  "lens-eval-typo": {
    "real": {
      "MRR": 0.31764406183790894,
      "top10": 0.53125,
      "n": 96
    },
    "shuffled": {
      "MRR": 0.806227221146576,
      "top10": 0.9583333333333334,
      "n": 96
    },
    "causal": {
      "n": 0
    }
  }
}