{
  "lens-eval-association": {
    "n": 99,
    "MRR": 0.005558010139340893,
    "top1": 0.0,
    "top10": 0.010101010101010102
  },
  "lens-eval-multihop": {
    "n": 84,
    "MRR": 0.24317936929690026,
    "top1": 0.15476190476190477,
    "top10": 0.4226190476190476
  },
  "lens-eval-multilingual": {
    "n": 107,
    "MRR": 0.26087533602562923,
    "top1": 0.18613707165109036,
    "top10": 0.4010903426791277
  },
  "lens-eval-order-ops": {
    "n": 55,
    "MRR": 0.06550540127262645,
    "top1": 0.02727272727272727,
    "top10": 0.14545454545454545
  },
  "lens-eval-poetry": {
    "n": 98,
    "MRR": 0.3316046472575259,
    "top1": 0.22448979591836735,
    "top10": 0.5510204081632653
  },
  "lens-eval-typo": {
    "n": 96,
    "MRR": 0.31764406183790894,
    "top1": 0.21875,
    "top10": 0.53125
  }
}