{
  "lens-eval-association": {
    "n": 99,
    "MRR": 0.014620515585730604,
    "top1": 0.0,
    "top10": 0.030303030303030304
  },
  "lens-eval-multihop": {
    "n": 84,
    "MRR": 0.2850064086510662,
    "top1": 0.17857142857142858,
    "top10": 0.5119047619047619
  },
  "lens-eval-multilingual": {
    "n": 107,
    "MRR": 0.2781220861011579,
    "top1": 0.21339563862928349,
    "top10": 0.4088785046728972
  },
  "lens-eval-order-ops": {
    "n": 55,
    "MRR": 0.07426931943160246,
    "top1": 0.03636363636363636,
    "top10": 0.15454545454545454
  },
  "lens-eval-poetry": {
    "n": 98,
    "MRR": 0.3371955696013825,
    "top1": 0.23469387755102042,
    "top10": 0.5918367346938775
  },
  "lens-eval-typo": {
    "n": 96,
    "MRR": 0.806227221146576,
    "top1": 0.71875,
    "top10": 0.9583333333333334
  }
}